lines;tokens;occurrences;;;;;;;;
10;64;2;125;T:\Ws4Cours\WSS5_form_BPJ\2018 - 10_et_11_TP_BPJ_PMD_SONAR\src\tp\pmd\Arbre.java;171;T:\Ws4Cours\WSS5_form_BPJ\2018 - 10_et_11_TP_BPJ_PMD_SONAR\src\tp\pmd\Arbre.java;;;;
10;64;2;147;T:\Ws4Cours\WSS5_form_BPJ\2018 - 10_et_11_TP_BPJ_PMD_SONAR\src\tp\pmd\Arbre.java;191;T:\Ws4Cours\WSS5_form_BPJ\2018 - 10_et_11_TP_BPJ_PMD_SONAR\src\tp\pmd\Arbre.java;;;;
6;56;2;60;T:\Ws4Cours\WSS5_form_BPJ\2018 - 10_et_11_TP_BPJ_PMD_SONAR\src\tp\pmd\Fenetre.java;76;T:\Ws4Cours\WSS5_form_BPJ\2018 - 10_et_11_TP_BPJ_PMD_SONAR\src\tp\pmd\Fenetre.java;;;;
11;40;2;249;T:\Ws4Cours\WSS5_form_BPJ\2018 - 10_et_11_TP_BPJ_PMD_SONAR\src\tp\pmd\Arbre.java;335;T:\Ws4Cours\WSS5_form_BPJ\2018 - 10_et_11_TP_BPJ_PMD_SONAR\src\tp\pmd\Arbre.java;;;;
6;39;4;129;T:\Ws4Cours\WSS5_form_BPJ\2018 - 10_et_11_TP_BPJ_PMD_SONAR\src\tp\pmd\Arbre.java;151;T:\Ws4Cours\WSS5_form_BPJ\2018 - 10_et_11_TP_BPJ_PMD_SONAR\src\tp\pmd\Arbre.java;175;T:\Ws4Cours\WSS5_form_BPJ\2018 - 10_et_11_TP_BPJ_PMD_SONAR\src\tp\pmd\Arbre.java;195;T:\Ws4Cours\WSS5_form_BPJ\2018 - 10_et_11_TP_BPJ_PMD_SONAR\src\tp\pmd\Arbre.java
7;38;2;122;T:\Ws4Cours\WSS5_form_BPJ\2018 - 10_et_11_TP_BPJ_PMD_SONAR\src\tp\pmd\Arbre.java;144;T:\Ws4Cours\WSS5_form_BPJ\2018 - 10_et_11_TP_BPJ_PMD_SONAR\src\tp\pmd\Arbre.java;;;;
7;38;2;168;T:\Ws4Cours\WSS5_form_BPJ\2018 - 10_et_11_TP_BPJ_PMD_SONAR\src\tp\pmd\Arbre.java;188;T:\Ws4Cours\WSS5_form_BPJ\2018 - 10_et_11_TP_BPJ_PMD_SONAR\src\tp\pmd\Arbre.java;;;;
11;38;2;289;T:\Ws4Cours\WSS5_form_BPJ\2018 - 10_et_11_TP_BPJ_PMD_SONAR\src\tp\pmd\Arbre.java;310;T:\Ws4Cours\WSS5_form_BPJ\2018 - 10_et_11_TP_BPJ_PMD_SONAR\src\tp\pmd\Arbre.java;;;;
7;37;2;262;T:\Ws4Cours\WSS5_form_BPJ\2018 - 10_et_11_TP_BPJ_PMD_SONAR\src\tp\pmd\Arbre.java;277;T:\Ws4Cours\WSS5_form_BPJ\2018 - 10_et_11_TP_BPJ_PMD_SONAR\src\tp\pmd\Arbre.java;;;;
6;32;2;52;T:\Ws4Cours\WSS5_form_BPJ\2018 - 10_et_11_TP_BPJ_PMD_SONAR\src\tp\pmd\Arbre.java;59;T:\Ws4Cours\WSS5_form_BPJ\2018 - 10_et_11_TP_BPJ_PMD_SONAR\src\tp\pmd\Arbre.java;;;;
5;32;2;51;T:\Ws4Cours\WSS5_form_BPJ\2018 - 10_et_11_TP_BPJ_PMD_SONAR\src\tp\pmd\Planete.java;61;T:\Ws4Cours\WSS5_form_BPJ\2018 - 10_et_11_TP_BPJ_PMD_SONAR\src\tp\pmd\Planete.java;;;;
4;30;2;289;T:\Ws4Cours\WSS5_form_BPJ\2018 - 10_et_11_TP_BPJ_PMD_SONAR\src\tp\pmd\Arbre.java;323;T:\Ws4Cours\WSS5_form_BPJ\2018 - 10_et_11_TP_BPJ_PMD_SONAR\src\tp\pmd\Arbre.java;;;;
4;29;3;262;T:\Ws4Cours\WSS5_form_BPJ\2018 - 10_et_11_TP_BPJ_PMD_SONAR\src\tp\pmd\Arbre.java;277;T:\Ws4Cours\WSS5_form_BPJ\2018 - 10_et_11_TP_BPJ_PMD_SONAR\src\tp\pmd\Arbre.java;310;T:\Ws4Cours\WSS5_form_BPJ\2018 - 10_et_11_TP_BPJ_PMD_SONAR\src\tp\pmd\Arbre.java;;
9;29;2;281;T:\Ws4Cours\WSS5_form_BPJ\2018 - 10_et_11_TP_BPJ_PMD_SONAR\src\tp\pmd\Arbre.java;327;T:\Ws4Cours\WSS5_form_BPJ\2018 - 10_et_11_TP_BPJ_PMD_SONAR\src\tp\pmd\Arbre.java;;;;
7;27;4;134;T:\Ws4Cours\WSS5_form_BPJ\2018 - 10_et_11_TP_BPJ_PMD_SONAR\src\tp\pmd\Arbre.java;156;T:\Ws4Cours\WSS5_form_BPJ\2018 - 10_et_11_TP_BPJ_PMD_SONAR\src\tp\pmd\Arbre.java;180;T:\Ws4Cours\WSS5_form_BPJ\2018 - 10_et_11_TP_BPJ_PMD_SONAR\src\tp\pmd\Arbre.java;200;T:\Ws4Cours\WSS5_form_BPJ\2018 - 10_et_11_TP_BPJ_PMD_SONAR\src\tp\pmd\Arbre.java
6;26;3;52;T:\Ws4Cours\WSS5_form_BPJ\2018 - 10_et_11_TP_BPJ_PMD_SONAR\src\tp\pmd\Arbre.java;59;T:\Ws4Cours\WSS5_form_BPJ\2018 - 10_et_11_TP_BPJ_PMD_SONAR\src\tp\pmd\Arbre.java;65;T:\Ws4Cours\WSS5_form_BPJ\2018 - 10_et_11_TP_BPJ_PMD_SONAR\src\tp\pmd\Arbre.java;;
5;26;2;289;T:\Ws4Cours\WSS5_form_BPJ\2018 - 10_et_11_TP_BPJ_PMD_SONAR\src\tp\pmd\Arbre.java;335;T:\Ws4Cours\WSS5_form_BPJ\2018 - 10_et_11_TP_BPJ_PMD_SONAR\src\tp\pmd\Arbre.java;;;;
5;25;4;249;T:\Ws4Cours\WSS5_form_BPJ\2018 - 10_et_11_TP_BPJ_PMD_SONAR\src\tp\pmd\Arbre.java;289;T:\Ws4Cours\WSS5_form_BPJ\2018 - 10_et_11_TP_BPJ_PMD_SONAR\src\tp\pmd\Arbre.java;310;T:\Ws4Cours\WSS5_form_BPJ\2018 - 10_et_11_TP_BPJ_PMD_SONAR\src\tp\pmd\Arbre.java;335;T:\Ws4Cours\WSS5_form_BPJ\2018 - 10_et_11_TP_BPJ_PMD_SONAR\src\tp\pmd\Arbre.java
2;25;3;289;T:\Ws4Cours\WSS5_form_BPJ\2018 - 10_et_11_TP_BPJ_PMD_SONAR\src\tp\pmd\Arbre.java;323;T:\Ws4Cours\WSS5_form_BPJ\2018 - 10_et_11_TP_BPJ_PMD_SONAR\src\tp\pmd\Arbre.java;348;T:\Ws4Cours\WSS5_form_BPJ\2018 - 10_et_11_TP_BPJ_PMD_SONAR\src\tp\pmd\Arbre.java;;
